id,first_name,last_name,email,gender,ip_address
1,Samuele,Strowan,sstrowan0@nyu.edu,Bigender,76.43.200.235
2,Diena,Schwerin,dschwerin1@vinaora.com,Female,96.153.170.223
3,Kayne,Strauss,kstrauss2@state.tx.us,Male,125.185.60.206
4,Beniamino,Simonds,bsimonds3@shop-pro.jp,Male,130.120.58.25
5,Lanni,Gurner,lgurner4@theatlantic.com,Bigender,198.171.252.101
6,Creight,Ebdon,cebdon5@multiply.com,Male,116.72.195.95
7,Constantia,Beirne,cbeirne6@rakuten.co.jp,Genderfluid,37.210.156.77
8,Aurlie,Ferrari,aferrari7@alexa.com,Female,185.20.96.4
9,Halsy,Drayton,hdrayton8@bloglines.com,Male,84.82.104.4
10,Fredelia,Mustchin,fmustchin9@google.com.au,Female,160.2.242.220
11,Meg,Narramore,mnarramorea@delicious.com,Female,198.214.23.230
12,Liuka,Sandham,lsandhamb@4shared.com,Female,7.127.23.59
13,Elisabetta,Wethers,ewethersc@altervista.org,Female,90.102.209.192
14,Karol,Durtnal,kdurtnald@mysql.com,Female,73.177.159.197
15,Lanita,Yegorovnin,lyegorovnine@pcworld.com,Female,119.169.29.116
16,Levy,O' Culligan,loculliganf@ebay.com,Male,240.120.84.148
17,Dania,Reedman,dreedmang@w3.org,Female,228.24.30.160
18,Cindee,Moysey,cmoyseyh@webeden.co.uk,Female,95.24.3.143
19,Michal,Johannesson,mjohannessoni@yahoo.co.jp,Agender,78.239.106.198
20,Amara,Heselwood,aheselwoodj@unesco.org,Female,21.43.230.168
21,Romona,Roach,rroachk@youku.com,Female,255.188.65.77
22,Vonni,Casoni,vcasonil@reference.com,Female,12.144.17.57
23,Pegeen,Febre,pfebrem@indiatimes.com,Female,41.68.51.51
24,Bartlett,Critten,bcrittenn@themeforest.net,Male,233.128.1.52
25,Artemas,Beamson,abeamsono@simplemachines.org,Male,79.33.162.62
26,Guthrie,Horsewood,ghorsewoodp@nhs.uk,Agender,198.230.207.153
27,Deirdre,Marco,dmarcoq@state.gov,Female,105.233.15.42
28,Margaretta,Rubert,mrubertr@yandex.ru,Female,216.180.74.236
29,Emelita,Dennett,edennetts@shareasale.com,Female,118.160.255.134
30,Josiah,Howat,jhowatt@stanford.edu,Male,60.108.151.130
31,Tobie,Offin,toffinu@etsy.com,Genderfluid,57.224.15.2
32,Hugues,Nuton,hnutonv@over-blog.com,Male,233.225.101.124
33,Ruggiero,Hanhard,rhanhardw@soup.io,Male,53.30.48.227
34,Wilt,Pizey,wpizeyx@seattletimes.com,Male,131.183.48.74
35,Lorettalorna,Benne,lbenney@myspace.com,Female,75.91.157.254
36,Keene,Eldon,keldonz@ow.ly,Male,108.10.75.183
37,Rick,Bultitude,rbultitude10@github.com,Male,80.39.24.41
38,Alvina,Standen,astanden11@mail.ru,Female,119.194.31.62
39,Nikoletta,Linnard,nlinnard12@scientificamerican.com,Female,117.41.204.212
40,Darb,Gipps,dgipps13@cbsnews.com,Female,33.54.168.29
41,Traver,Meeus,tmeeus14@squarespace.com,Male,42.239.253.167
42,Rowena,Vlahos,rvlahos15@mozilla.com,Female,217.40.68.209
43,Darb,Mc Dermid,dmcdermid16@wp.com,Female,30.80.141.5
44,Shelley,Zolini,szolini17@admin.ch,Male,84.230.93.55
45,Kaye,Pasfield,kpasfield18@seattletimes.com,Female,234.108.77.43
46,Bourke,Gerler,bgerler19@vinaora.com,Non-binary,216.85.250.196
47,Lenette,Schimann,lschimann1a@surveymonkey.com,Female,30.228.142.45
48,Brok,Sealeaf,bsealeaf1b@reference.com,Male,143.188.44.117
49,Jacquenette,Franklyn,jfranklyn1c@answers.com,Female,140.65.235.73
50,Gracia,Dinzey,gdinzey1d@sohu.com,Female,43.51.75.214
51,Morgan,Sugge,msugge1e@barnesandnoble.com,Female,144.163.43.199
52,Kippie,Crilly,kcrilly1f@time.com,Male,31.107.151.137
53,Gabrielle,Gunthorpe,ggunthorpe1g@nymag.com,Female,27.29.172.201
54,Hugo,Spare,hspare1h@drupal.org,Male,250.114.93.118
55,Seumas,Turville,sturville1i@miitbeian.gov.cn,Male,23.59.81.114
56,Barry,McAlees,bmcalees1j@mapquest.com,Male,64.101.7.156
57,Gwenette,D'Antuoni,gdantuoni1k@hhs.gov,Female,46.33.64.24
58,Jeffy,Curneen,jcurneen1l@artisteer.com,Male,153.51.231.110
59,Alfy,O' Clovan,aoclovan1m@surveymonkey.com,Male,85.128.214.125
60,Ezri,Millington,emillington1n@jigsy.com,Male,18.161.220.0
61,Etty,Fagg,efagg1o@economist.com,Female,178.253.89.186
62,Nevile,Lamcken,nlamcken1p@vistaprint.com,Male,20.139.43.239
63,Ferdie,Cicco,fcicco1q@reuters.com,Agender,195.152.4.161
64,Farrel,Vamplew,fvamplew1r@eventbrite.com,Male,115.61.53.138
65,Luella,Reyes,lreyes1s@gmpg.org,Female,232.199.88.194
66,Fraser,Samuel,fsamuel1t@delicious.com,Male,146.192.231.204
67,Hayward,MacKill,hmackill1u@tiny.cc,Male,146.253.94.181
68,Ernestus,Lansdale,elansdale1v@nba.com,Male,245.150.177.91
69,Bunny,Tremblett,btremblett1w@telegraph.co.uk,Agender,179.50.97.166
70,Gaven,Remon,gremon1x@myspace.com,Male,84.121.153.179
71,Rochella,Goodhay,rgoodhay1y@seattletimes.com,Female,74.163.45.200
72,Beatrix,Loosemore,bloosemore1z@people.com.cn,Female,54.71.213.154
73,Jodee,Pickover,jpickover20@cocolog-nifty.com,Female,235.83.174.131
74,Perkin,Klaassens,pklaassens21@de.vu,Male,167.8.101.36
75,Rheta,Ashburner,rashburner22@so-net.ne.jp,Female,208.137.246.191
76,Maryann,Fleischer,mfleischer23@whitehouse.gov,Female,160.79.250.95
77,Sebastiano,Wink,swink24@salon.com,Male,217.84.26.146
78,Paige,Schuh,pschuh25@friendfeed.com,Male,42.129.187.37
79,Darice,O' Donohoe,dodonohoe26@psu.edu,Female,44.36.161.193
80,Peggy,Bennie,pbennie27@bizjournals.com,Female,138.167.242.243
81,Tedie,Volleth,tvolleth28@indiatimes.com,Male,85.217.126.19
82,Florencia,Coch,fcoch29@princeton.edu,Female,228.66.188.250
83,Woody,Shephard,wshephard2a@vkontakte.ru,Male,223.12.253.168
84,Bevvy,Hargrave,bhargrave2b@surveymonkey.com,Female,171.131.77.50
85,Cyb,Collough,ccollough2c@opensource.org,Female,171.166.156.128
86,Chancey,Breache,cbreache2d@gnu.org,Male,83.86.232.127
87,Delcine,Drinkhall,ddrinkhall2e@etsy.com,Female,196.47.156.87
88,Sherlocke,Chainey,schainey2f@newyorker.com,Male,37.66.66.135
89,Billy,Verbrugge,bverbrugge2g@usatoday.com,Male,111.192.187.132
90,Emmott,Etheredge,eetheredge2h@dropbox.com,Male,36.58.173.154
91,Lionello,Crannage,lcrannage2i@jiathis.com,Male,41.2.179.60
92,Shannan,Labbez,slabbez2j@statcounter.com,Agender,18.191.32.59
93,Kylila,Lengthorn,klengthorn2k@answers.com,Female,64.186.145.117
94,Valaree,Bothe,vbothe2l@answers.com,Female,18.13.22.61
95,Amalle,Roskilly,aroskilly2m@google.com.au,Female,50.157.250.181
96,Celina,MacCaughan,cmaccaughan2n@reverbnation.com,Female,218.154.235.156
97,Gardy,Surman-Wells,gsurmanwells2o@washington.edu,Male,124.172.123.97
98,Cati,Wadham,cwadham2p@amazonaws.com,Bigender,206.61.204.113
99,Roxanne,Harner,rharner2q@netvibes.com,Female,104.189.251.113
100,Herculie,Duffil,hduffil2r@vistaprint.com,Male,214.175.161.62
101,Moselle,Henmarsh,mhenmarsh2s@nymag.com,Female,244.248.193.40
102,Juli,Gomes,jgomes2t@theglobeandmail.com,Female,86.162.120.213
103,Wallace,Giron,wgiron2u@naver.com,Genderfluid,91.94.4.71
104,Dareen,Dougharty,ddougharty2v@tripod.com,Genderqueer,186.0.12.84
105,Jessa,Duckett,jduckett2w@cisco.com,Female,40.94.57.60
106,Mic,Duquesnay,mduquesnay2x@usatoday.com,Male,203.2.121.53
107,Melosa,Feaks,mfeaks2y@blog.com,Female,205.48.237.146
108,Natividad,Benbow,nbenbow2z@ezinearticles.com,Female,159.67.32.82
109,Rosemaria,Bonaire,rbonaire30@about.com,Female,39.216.233.136
110,Banky,Conti,bconti31@wp.com,Male,149.157.137.123
111,Esmeralda,Cardenosa,ecardenosa32@jigsy.com,Female,212.27.70.110
112,Carlynne,Bergeau,cbergeau33@imageshack.us,Female,222.29.69.197
113,Molli,Ranvoise,mranvoise34@wp.com,Female,97.6.238.225
114,Waylin,Harverson,wharverson35@opensource.org,Genderqueer,99.168.102.21
115,Ray,Divill,rdivill36@pen.io,Female,50.125.182.95
116,Oby,Cannan,ocannan37@dyndns.org,Male,111.109.60.176
117,Shel,Grandin,sgrandin38@indiegogo.com,Female,174.53.17.244
118,Neil,Burle,nburle39@home.pl,Male,88.98.20.180
119,Mersey,McReedy,mmcreedy3a@soundcloud.com,Genderfluid,237.103.62.123
120,Joseph,Jime,jjime3b@delicious.com,Male,223.31.209.222
121,Liliane,Lindgren,llindgren3c@sohu.com,Female,64.199.166.208
122,Ricky,Gatrell,rgatrell3d@nytimes.com,Female,178.25.124.91
123,Addison,Whitney,awhitney3e@ifeng.com,Male,138.224.2.157
124,Lexie,Christofides,lchristofides3f@timesonline.co.uk,Female,56.132.113.128
125,Radcliffe,Standering,rstandering3g@si.edu,Male,166.85.134.68
126,Kearney,Gammell,kgammell3h@exblog.jp,Male,139.250.155.37
127,Sterne,Inchan,sinchan3i@gravatar.com,Male,166.101.71.83
128,Traci,Klimus,tklimus3j@cbsnews.com,Bigender,155.127.18.0
129,Niki,Iacovazzi,niacovazzi3k@slideshare.net,Polygender,102.232.37.66
130,Gwyn,Gilbane,ggilbane3l@weibo.com,Female,253.180.164.224
131,Jarad,Zottoli,jzottoli3m@gizmodo.com,Male,240.188.214.87
132,Nickola,Mynett,nmynett3n@slashdot.org,Male,122.2.190.137
133,Shirl,Domican,sdomican3o@hugedomains.com,Agender,98.79.149.101
134,Gwenette,Condy,gcondy3p@mozilla.com,Female,12.159.42.157
135,Antoni,Madders,amadders3q@behance.net,Male,64.253.62.162
136,Layney,Littlepage,llittlepage3r@drupal.org,Female,33.224.138.116
137,Flory,Stallwood,fstallwood3s@businesswire.com,Female,134.221.250.33
138,Rona,Hatwells,rhatwells3t@reverbnation.com,Female,81.238.84.169
139,Rutter,Jzak,rjzak3u@geocities.jp,Male,149.62.85.172
140,Chevy,Rainton,crainton3v@multiply.com,Male,21.80.253.88
141,Neil,Giggie,ngiggie3w@google.fr,Male,140.59.130.144
142,Kin,Larvent,klarvent3x@tripod.com,Male,190.67.8.30
143,Myrtice,Orsman,morsman3y@guardian.co.uk,Female,107.112.147.213
144,Ashly,Chaffen,achaffen3z@scribd.com,Female,99.70.123.121
145,Marguerite,Ingliss,mingliss40@tripod.com,Female,51.75.232.71
146,Shalom,Halesworth,shalesworth41@123-reg.co.uk,Male,26.57.52.123
147,Paxton,Beyne,pbeyne42@reverbnation.com,Male,111.164.61.171
148,Elyssa,Gillitt,egillitt43@cdbaby.com,Female,219.201.49.122
149,Frederich,Caldera,fcaldera44@state.gov,Male,235.32.77.248
150,Tymothy,Matthensen,tmatthensen45@discuz.net,Male,1.11.100.26
151,Rex,Larderot,rlarderot46@vk.com,Male,134.39.66.47
152,Cobbie,Swetenham,cswetenham47@marketwatch.com,Male,38.185.223.27
153,Worden,Ketteman,wketteman48@wiley.com,Male,28.143.213.81
154,Cassandre,Newing,cnewing49@cocolog-nifty.com,Female,174.205.222.226
155,Meade,Cressingham,mcressingham4a@umich.edu,Female,99.195.210.33
156,Ellette,Ailward,eailward4b@gizmodo.com,Female,135.77.176.77
157,Hashim,Monkhouse,hmonkhouse4c@squarespace.com,Male,203.61.128.90
158,Filmer,Springett,fspringett4d@artisteer.com,Male,82.71.93.98
159,Sandie,Philippard,sphilippard4e@bloglovin.com,Female,152.149.229.26
160,Nathalia,Wyne,nwyne4f@cam.ac.uk,Female,10.210.158.85
161,Amye,Drysdale,adrysdale4g@cbsnews.com,Female,127.36.173.157
162,Jeremiah,Peat,jpeat4h@businesswire.com,Male,14.66.19.117
163,Charissa,Jesteco,cjesteco4i@amazon.co.jp,Female,92.42.213.4
164,Krystal,Huntar,khuntar4j@sakura.ne.jp,Female,24.24.146.82
165,Cody,Yurkevich,cyurkevich4k@apple.com,Male,159.24.104.178
166,Forster,Belcher,fbelcher4l@adobe.com,Male,132.25.205.235
167,Danya,Pickersail,dpickersail4m@rediff.com,Female,221.63.215.111
168,Elmer,Carles,ecarles4n@behance.net,Male,110.213.124.210
169,Gayle,Alfonsetti,galfonsetti4o@exblog.jp,Female,128.188.232.248
170,Cort,Bendley,cbendley4p@forbes.com,Male,11.104.98.155
171,Kally,Wheway,kwheway4q@freewebs.com,Female,106.136.66.254
172,Craggie,Perazzo,cperazzo4r@photobucket.com,Male,89.5.255.190
173,Stearn,Pieterick,spieterick4s@time.com,Male,246.160.7.189
174,Leta,Champ,lchamp4t@sitemeter.com,Female,213.200.215.69
175,Rora,Dohms,rdohms4u@wp.com,Female,45.118.163.247
176,Darrelle,Muckersie,dmuckersie4v@newsvine.com,Female,213.207.191.65
177,Doralynn,Wherry,dwherry4w@toplist.cz,Female,211.5.169.248
178,Cindra,Muscroft,cmuscroft4x@yellowbook.com,Female,159.51.251.123
179,Yolane,O'Mahoney,yomahoney4y@squidoo.com,Female,179.203.145.223
180,Sosanna,Baszkiewicz,sbaszkiewicz4z@slate.com,Female,34.27.40.118
181,Heddi,Saint,hsaint50@cnet.com,Female,46.38.162.221
182,Nolly,Pickton,npickton51@icq.com,Male,155.49.227.191
183,Shaine,Muldownie,smuldownie52@4shared.com,Female,5.42.100.82
184,Dolli,Oubridge,doubridge53@symantec.com,Female,148.164.119.238
185,Aldric,Lagneaux,alagneaux54@squarespace.com,Male,166.53.179.239
186,Read,Goodhall,rgoodhall55@sourceforge.net,Male,247.231.21.192
187,Dinnie,Sonley,dsonley56@comsenz.com,Female,33.213.171.9
188,Rahal,Matusiak,rmatusiak57@archive.org,Female,17.227.55.141
189,Meghann,Chatelain,mchatelain58@github.com,Non-binary,251.234.249.54
190,Margret,Jedras,mjedras59@bbb.org,Female,120.44.81.101
191,Sue,Augustin,saugustin5a@state.tx.us,Female,176.35.111.64
192,Van,Rogier,vrogier5b@cmu.edu,Female,223.147.253.153
193,Matias,Gater,mgater5c@indiatimes.com,Male,11.39.223.137
194,Tomasine,Shelley,tshelley5d@baidu.com,Female,125.157.55.202
195,Lewiss,Plevey,lplevey5e@fastcompany.com,Male,166.78.20.102
196,Saunder,Camplin,scamplin5f@geocities.jp,Male,244.180.200.117
197,Chrotoem,Wheble,cwheble5g@loc.gov,Male,11.56.38.14
198,Jasmine,Byrch,jbyrch5h@twitter.com,Female,72.62.169.86
199,Amory,Blowen,ablowen5i@blog.com,Male,180.140.72.5
200,Teriann,Torald,ttorald5j@scribd.com,Female,225.190.224.96
201,Elinor,Raunds,eraunds5k@goodreads.com,Female,198.93.118.171
202,Gustaf,Clemmitt,gclemmitt5l@google.com.au,Male,130.75.187.186
203,Leland,Mardall,lmardall5m@wikipedia.org,Male,214.127.168.19
204,Paddy,Leydon,pleydon5n@printfriendly.com,Male,245.136.209.67
205,Sena,Stuke,sstuke5o@symantec.com,Female,126.78.226.247
206,Esme,Mohun,emohun5p@deviantart.com,Male,231.132.85.101
207,Jobyna,Bloore,jbloore5q@house.gov,Female,92.149.80.211
208,Camala,Grancher,cgrancher5r@indiatimes.com,Female,241.132.197.174
209,Salome,Drains,sdrains5s@ed.gov,Non-binary,172.5.120.27
210,Sissy,Silliman,ssilliman5t@quantcast.com,Female,32.138.214.217
211,Darrel,Bilbee,dbilbee5u@apple.com,Male,172.144.227.23
212,Blondell,Twiddle,btwiddle5v@sogou.com,Female,155.178.39.254
213,Pam,Santos,psantos5w@biblegateway.com,Female,111.159.92.207
214,Kile,Iannazzi,kiannazzi5x@unesco.org,Male,24.136.156.42
215,Curran,Beddon,cbeddon5y@de.vu,Male,174.48.56.74
216,Kristopher,Aspland,kaspland5z@twitter.com,Male,161.171.105.103
217,Lief,Reis,lreis60@timesonline.co.uk,Male,197.127.84.117
218,Indira,Caplin,icaplin61@cornell.edu,Female,57.193.131.68
219,Arturo,Brussels,abrussels62@flickr.com,Male,192.253.235.245
220,Gregor,Alenichicov,galenichicov63@dailymotion.com,Male,176.118.232.8
221,Florie,Kenneway,fkenneway64@google.it,Female,246.208.179.48
222,Orlan,Delacote,odelacote65@geocities.com,Male,215.106.181.229
223,Sydel,Wackley,swackley66@abc.net.au,Female,33.117.220.128
224,Tyson,Kinker,tkinker67@ustream.tv,Male,49.115.216.231
225,Lynna,Smales,lsmales68@zimbio.com,Female,192.76.69.238
226,Dorotea,Woodfield,dwoodfield69@so-net.ne.jp,Female,53.55.35.73
227,Dorie,Veljes,dveljes6a@4shared.com,Female,203.19.69.13
228,Claire,Fellini,cfellini6b@npr.org,Male,6.122.97.186
229,Josephina,Doughartie,jdoughartie6c@i2i.jp,Female,250.64.192.217
230,Shellysheldon,Selwood,sselwood6d@vk.com,Male,197.46.124.107
231,Hartley,Speedy,hspeedy6e@about.me,Male,244.223.130.72
232,Homere,Masterman,hmasterman6f@lycos.com,Polygender,131.251.202.185
233,Jourdan,Wigzell,jwigzell6g@paypal.com,Female,6.114.63.163
234,Toma,Quigley,tquigley6h@blogtalkradio.com,Female,129.191.224.171
235,Bondie,Pickett,bpickett6i@ustream.tv,Male,30.7.191.50
236,Gus,Frift,gfrift6j@sakura.ne.jp,Male,222.141.12.20
237,Iolande,Flintiff,iflintiff6k@hc360.com,Female,70.201.251.169
238,Agustin,Luce,aluce6l@house.gov,Male,72.32.209.17
239,Jordon,Marsie,jmarsie6m@theguardian.com,Male,7.115.154.133
240,Gilberte,Collinette,gcollinette6n@europa.eu,Female,245.198.224.111
241,Parrnell,Dust,pdust6o@google.co.jp,Male,252.30.248.242
242,Bamby,Toretta,btoretta6p@ovh.net,Female,56.187.180.2
243,Allie,Sugge,asugge6q@bigcartel.com,Female,60.183.244.152
244,Hildegarde,Salvin,hsalvin6r@who.int,Female,2.204.80.147
245,Shela,Christophersen,schristophersen6s@columbia.edu,Female,155.28.43.224
246,Joelle,Rosindill,jrosindill6t@ocn.ne.jp,Female,252.219.143.146
247,Krissie,Silversmidt,ksilversmidt6u@twitter.com,Female,91.242.108.138
248,Eddie,Rosebotham,erosebotham6v@google.com.hk,Male,10.218.24.245
249,Syman,Rosenbloom,srosenbloom6w@imageshack.us,Male,99.39.49.13
250,Thacher,Crockford,tcrockford6x@newsvine.com,Male,70.145.71.191
251,Kayla,Sharrock,ksharrock6y@mozilla.com,Female,13.93.121.94
252,Nat,Zanicchi,nzanicchi6z@blogspot.com,Female,213.70.91.113
253,Berthe,Bicknell,bbicknell70@usnews.com,Genderqueer,177.96.117.166
254,Elbertine,Been,ebeen71@bizjournals.com,Female,6.154.195.92
255,Ely,Darrow,edarrow72@fc2.com,Male,38.185.102.84
256,Lainey,Boykett,lboykett73@engadget.com,Female,251.145.94.133
257,Rora,Pitchford,rpitchford74@theglobeandmail.com,Female,183.222.69.48
258,Bucky,Asman,basman75@gnu.org,Male,71.134.228.138
259,Josey,Armytage,jarmytage76@census.gov,Bigender,220.36.87.204
260,Vidovik,McMenamie,vmcmenamie77@cnbc.com,Bigender,203.178.64.74
261,Nanete,Bandt,nbandt78@blogs.com,Non-binary,216.68.118.116
262,Tedda,Tingey,ttingey79@networksolutions.com,Female,70.146.103.55
263,Wilona,Corthes,wcorthes7a@printfriendly.com,Female,86.17.66.114
264,Lazarus,McGeachy,lmcgeachy7b@prnewswire.com,Male,101.24.38.211
265,Keith,Perillo,kperillo7c@samsung.com,Male,159.46.254.116
266,Sharity,Bedberry,sbedberry7d@phoca.cz,Female,188.116.50.67
267,Inna,Greedier,igreedier7e@delicious.com,Female,65.37.242.249
268,Janeen,Cowerd,jcowerd7f@reddit.com,Agender,75.66.207.129
269,Bryn,Edsell,bedsell7g@behance.net,Male,127.118.125.90
270,Cherri,Elger,celger7h@go.com,Female,209.116.29.190
271,Filbert,Croyden,fcroyden7i@skyrock.com,Male,234.78.251.32
272,Whitaker,Geach,wgeach7j@dion.ne.jp,Male,214.22.201.194
273,Jacky,Ball,jball7k@topsy.com,Male,52.177.76.150
274,Claudine,Upchurch,cupchurch7l@hao123.com,Agender,53.16.124.65
275,Felicia,Franzetti,ffranzetti7m@booking.com,Female,72.236.60.23
276,Julienne,Georgius,jgeorgius7n@yahoo.co.jp,Female,83.14.175.121
277,Agace,Mingauld,amingauld7o@harvard.edu,Female,119.77.176.69
278,Verna,Humpherson,vhumpherson7p@trellian.com,Female,80.211.255.198
279,Lorens,Joskowicz,ljoskowicz7q@soup.io,Male,81.174.156.115
280,Angela,Hargreaves,ahargreaves7r@usatoday.com,Female,247.249.179.95
281,Clarey,Shaul,cshaul7s@umn.edu,Female,207.20.239.203
282,Marijn,Mityakov,mmityakov7t@cocolog-nifty.com,Male,186.116.235.235
283,Harlen,Moring,hmoring7u@dion.ne.jp,Male,71.226.56.251
284,Brice,Harmond,bharmond7v@shareasale.com,Male,174.202.94.253
285,Gallard,Thirst,gthirst7w@dot.gov,Male,172.5.86.12
286,Mariele,Filipchikov,mfilipchikov7x@aol.com,Female,86.77.237.16
287,Gawain,Bohl,gbohl7y@xrea.com,Male,195.123.143.172
288,Norry,Henrys,nhenrys7z@nasa.gov,Female,158.208.19.43
289,Ainslee,Doneld,adoneld80@t-online.de,Female,4.87.199.124
290,Curt,Bebbell,cbebbell81@ow.ly,Male,139.104.13.209
291,Cori,Martynov,cmartynov82@aol.com,Male,127.239.152.213
292,Colette,Heyworth,cheyworth83@dot.gov,Female,67.79.58.203
293,Inesita,Klagges,iklagges84@reddit.com,Female,89.148.87.227
294,Kit,Layland,klayland85@mtv.com,Male,183.34.14.201
295,Valencia,Dupoy,vdupoy86@ft.com,Female,52.86.109.49
296,Netty,Hutchings,nhutchings87@freewebs.com,Female,12.167.1.173
297,Lockwood,Ambroise,lambroise88@squarespace.com,Male,87.104.147.14
298,Ernaline,Bysouth,ebysouth89@smugmug.com,Female,34.16.122.49
299,Mandie,Curwen,mcurwen8a@google.pl,Female,45.144.167.153
300,Roger,Batchan,rbatchan8b@cocolog-nifty.com,Male,163.243.248.130
301,Elbertine,Biggs,ebiggs8c@psu.edu,Female,126.167.123.18
302,Sharline,Bitten,sbitten8d@tumblr.com,Female,152.216.187.83
303,Katusha,Liddle,kliddle8e@gnu.org,Female,90.254.28.68
304,Uriah,Milham,umilham8f@macromedia.com,Non-binary,188.189.73.245
305,Ara,Thomkins,athomkins8g@so-net.ne.jp,Female,206.93.150.124
306,Harlen,Andreoletti,handreoletti8h@clickbank.net,Male,199.139.174.165
307,Bone,Paddell,bpaddell8i@shinystat.com,Male,207.232.175.162
308,Kerrill,Cramphorn,kcramphorn8j@utexas.edu,Agender,246.177.142.38
309,Barbette,Klimsch,bklimsch8k@ucoz.ru,Female,11.206.25.169
310,Mignonne,Itzak,mitzak8l@si.edu,Female,166.173.93.106
311,Grata,Lurner,glurner8m@home.pl,Female,84.118.154.130
312,Alec,Keuntje,akeuntje8n@altervista.org,Male,51.0.189.120
313,Alyssa,Kielt,akielt8o@about.com,Polygender,230.38.121.39
314,Raynor,Danett,rdanett8p@irs.gov,Genderqueer,95.33.200.237
315,Lucio,Loxston,lloxston8q@google.co.uk,Male,32.193.28.29
316,Lowe,Wheater,lwheater8r@earthlink.net,Male,191.169.182.234
317,Dolley,O'Sheeryne,dosheeryne8s@lycos.com,Female,226.199.37.32
318,Nappie,Vasile,nvasile8t@wikia.com,Male,11.187.229.231
319,Daveta,Cabrer,dcabrer8u@simplemachines.org,Female,253.110.247.133
320,Johnnie,O'Hegertie,johegertie8v@amazon.de,Male,36.165.136.104
321,Marysa,Rehm,mrehm8w@blinklist.com,Female,25.221.231.110
322,Shae,Skepper,sskepper8x@alexa.com,Female,61.196.195.37
323,Rollo,Zollner,rzollner8y@narod.ru,Male,119.94.197.10
324,Cristabel,Clemenzo,cclemenzo8z@ca.gov,Female,229.104.127.18
325,Adair,Claypool,aclaypool90@google.fr,Genderfluid,11.4.255.182
326,Linea,Dormon,ldormon91@thetimes.co.uk,Female,233.129.42.129
327,Jorge,Bohike,jbohike92@w3.org,Male,35.69.89.214
328,Trace,Faulo,tfaulo93@princeton.edu,Male,6.8.5.251
329,Gabie,Latchmore,glatchmore94@networksolutions.com,Female,40.191.69.176
330,Son,Hamflett,shamflett95@mac.com,Male,167.26.100.100
331,Eachelle,Baigent,ebaigent96@princeton.edu,Female,14.165.175.242
332,Brnaby,Latek,blatek97@shop-pro.jp,Male,137.8.73.66
333,Ulrick,Goforth,ugoforth98@biglobe.ne.jp,Male,233.207.13.214
334,Ronalda,Elven,relven99@infoseek.co.jp,Polygender,166.9.185.67
335,Erasmus,Duguid,eduguid9a@ucsd.edu,Male,148.93.121.119
336,Archie,Folliss,afolliss9b@yellowpages.com,Male,193.216.67.112
337,Jsandye,Durnall,jdurnall9c@wired.com,Female,70.119.215.219
338,Emory,Senogles,esenogles9d@samsung.com,Male,228.56.145.50
339,Bryant,Bramwich,bbramwich9e@mayoclinic.com,Male,81.39.28.219
340,Issie,Stalley,istalley9f@dot.gov,Female,109.59.149.99
341,Sigfried,Wills,swills9g@samsung.com,Male,133.141.77.238
342,Glendon,Hounihan,ghounihan9h@xrea.com,Male,114.115.204.240
343,Claudia,Hamberstone,chamberstone9i@intel.com,Female,23.206.238.175
344,Charlie,Purvess,cpurvess9j@whitehouse.gov,Male,91.198.204.120
345,Karna,Frederick,kfrederick9k@sun.com,Polygender,203.42.40.181
346,Sigmund,Askie,saskie9l@guardian.co.uk,Agender,73.251.214.16
347,Marisa,Woolaston,mwoolaston9m@livejournal.com,Female,45.156.206.98
348,Gale,Nary,gnary9n@icq.com,Female,218.60.68.225
349,Antons,Bardell,abardell9o@g.co,Male,2.172.126.198
350,Emanuele,Karppi,ekarppi9p@geocities.jp,Male,6.112.234.133
351,Isis,Yesinin,iyesinin9q@cdbaby.com,Female,214.141.27.58
352,Erin,Saphin,esaphin9r@dot.gov,Female,81.98.178.216
353,Lauren,Hardin,lhardin9s@comcast.net,Male,165.113.45.88
354,Rubetta,Culter,rculter9t@chicagotribune.com,Female,64.151.120.8
355,Sadie,Durno,sdurno9u@angelfire.com,Female,172.58.108.174
356,Artemus,Raunds,araunds9v@google.fr,Male,123.149.63.93
357,Cathe,Garrison,cgarrison9w@ebay.com,Female,218.103.156.207
358,Sibyl,Carff,scarff9x@hatena.ne.jp,Male,114.96.64.96
359,Lukas,Kellert,lkellert9y@mtv.com,Male,232.28.64.43
360,Camala,Moncur,cmoncur9z@oracle.com,Female,163.255.161.90
361,Risa,Wermerling,rwermerlinga0@ycombinator.com,Female,87.163.200.81
362,Clare,Eary,cearya1@clickbank.net,Male,57.26.26.158
363,Gilles,Melbourn,gmelbourna2@qq.com,Polygender,183.121.20.165
364,Reba,Torricina,rtorricinaa3@zimbio.com,Female,148.173.223.61
365,Shayne,Clemence,sclemencea4@cocolog-nifty.com,Female,140.22.22.56
366,Josiah,Findlow,jfindlowa5@toplist.cz,Male,34.144.95.168
367,Kevon,Fusedale,kfusedalea6@cafepress.com,Male,203.8.171.182
368,Mersey,Hanna,mhannaa7@elegantthemes.com,Genderfluid,59.199.199.185
369,Lynelle,Sussems,lsussemsa8@howstuffworks.com,Female,139.15.145.149
370,Zackariah,Rigardeau,zrigardeaua9@parallels.com,Male,128.101.222.225
371,Storm,Schall,sschallaa@bloomberg.com,Female,183.111.97.152
372,Siffre,Jardein,sjardeinab@mysql.com,Male,112.174.6.207
373,Tiebold,Yurmanovev,tyurmanovevac@de.vu,Male,42.223.27.101
374,Chilton,Muckeen,cmuckeenad@gnu.org,Male,23.235.119.46
375,Jarrad,Norker,jnorkerae@4shared.com,Male,217.209.125.184
376,Tabbitha,Lambrook,tlambrookaf@nationalgeographic.com,Bigender,229.54.146.115
377,Gina,Fischer,gfischerag@opensource.org,Female,219.100.194.32
378,Gerty,Lankester,glankesterah@dedecms.com,Female,32.192.170.109
379,Deana,Ongin,donginai@booking.com,Female,29.63.35.55
380,Jeannette,Tuke,jtukeaj@nytimes.com,Female,237.37.217.214
381,Weston,Viel,wvielak@diigo.com,Male,197.23.215.131
382,Torey,Pulford,tpulfordal@webmd.com,Female,195.196.246.135
383,Letisha,Scullard,lscullardam@apple.com,Female,242.189.123.40
384,Quent,Sarney,qsarneyan@bandcamp.com,Male,50.250.93.2
385,Gilberto,Broadis,gbroadisao@mayoclinic.com,Male,170.32.155.164
386,Waldon,Buney,wbuneyap@amazonaws.com,Male,149.23.113.232
387,Ezequiel,Howley,ehowleyaq@bloglines.com,Male,13.204.152.252
388,Randolf,Smalridge,rsmalridgear@howstuffworks.com,Male,160.205.89.192
389,Bronson,Sibun,bsibunas@toplist.cz,Male,60.141.222.137
390,Melvin,Mico,mmicoat@bbb.org,Male,241.126.21.75
391,Brendin,Drysdale,bdrysdaleau@de.vu,Non-binary,35.202.120.201
392,Melly,Cardno,mcardnoav@dion.ne.jp,Female,152.186.25.219
393,Curtice,Balam,cbalamaw@bloomberg.com,Male,96.63.253.148
394,Allister,Daskiewicz,adaskiewiczax@intel.com,Male,45.144.42.89
395,Delmor,Plessing,dplessingay@deliciousdays.com,Male,37.226.173.224
396,Bar,Burnhard,bburnhardaz@statcounter.com,Male,140.135.42.79
397,Lorry,Elsmore,lelsmoreb0@linkedin.com,Male,227.151.150.170
398,Filberte,Jennemann,fjennemannb1@ocn.ne.jp,Male,82.226.52.235
399,Gordie,Burbage,gburbageb2@unesco.org,Male,12.182.208.19
400,Errol,Element,eelementb3@homestead.com,Male,165.234.253.71
401,Ricki,Roistone,rroistoneb4@miitbeian.gov.cn,Female,82.88.67.91
402,Thomasa,Sporgeon,tsporgeonb5@cbc.ca,Female,79.179.245.131
403,Otto,Cadman,ocadmanb6@addthis.com,Male,233.76.94.70
404,Evangelin,Shinton,eshintonb7@sakura.ne.jp,Female,184.86.233.20
405,Charmian,Cahalan,ccahalanb8@sfgate.com,Female,250.7.42.72
406,Sissie,Haldene,shaldeneb9@amazon.com,Female,197.137.178.122
407,Gran,Lentsch,glentschba@ebay.com,Male,170.203.244.108
408,Dynah,Gynn,dgynnbb@google.com.br,Female,20.241.138.237
409,Elnar,McVeighty,emcveightybc@cpanel.net,Male,226.164.171.16
410,Brittni,Collumbell,bcollumbellbd@domainmarket.com,Female,203.197.185.243
411,Ward,Kitman,wkitmanbe@fotki.com,Male,216.19.237.56
412,Horacio,Sturdgess,hsturdgessbf@tumblr.com,Male,153.13.80.72
413,Celina,Baus,cbausbg@upenn.edu,Female,204.215.157.61
414,Concordia,Younghusband,cyounghusbandbh@canalblog.com,Female,7.175.62.238
415,Luci,Bernakiewicz,lbernakiewiczbi@vimeo.com,Female,44.7.83.40
416,Odille,Cottell,ocottellbj@nifty.com,Female,54.214.190.228
417,Nicoline,Echalier,nechalierbk@youku.com,Female,66.60.95.109
418,Addie,Mitchel,amitchelbl@ucla.edu,Male,71.58.62.25
419,Britt,Cloake,bcloakebm@phoca.cz,Male,208.11.182.97
420,Janeta,Hodgen,jhodgenbn@walmart.com,Female,182.170.127.234
421,Gerrie,de Aguirre,gdeaguirrebo@ovh.net,Male,63.125.219.63
422,Aluin,Waywell,awaywellbp@t-online.de,Male,175.192.142.33
423,Ebonee,Deyenhardt,edeyenhardtbq@posterous.com,Female,77.150.240.117
424,Lilia,Hebson,lhebsonbr@patch.com,Female,155.169.12.58
425,Jennilee,Vesty,jvestybs@smh.com.au,Female,111.196.246.56
426,Emlynne,Goatcher,egoatcherbt@twitter.com,Female,165.1.119.18
427,Gallagher,Flather,gflatherbu@wunderground.com,Male,33.195.193.202
428,Elsie,Liversedge,eliversedgebv@360.cn,Female,111.63.225.98
429,Kennith,Witterick,kwitterickbw@cbsnews.com,Male,109.210.167.4
430,Corliss,Geraldi,cgeraldibx@amazon.de,Female,23.78.24.236
431,Dasi,Haigh,dhaighby@hibu.com,Female,76.67.137.92
432,Jsandye,Pinches,jpinchesbz@yale.edu,Female,66.16.156.181
433,Gardener,Hefferan,ghefferanc0@patch.com,Male,13.7.79.206
434,Madelle,Ladd,mladdc1@virginia.edu,Female,57.26.83.245
435,Rosita,Poat,rpoatc2@skype.com,Female,39.44.248.103
436,Delores,Doohey,ddooheyc3@lycos.com,Genderqueer,203.33.246.183
437,Delainey,Mussettini,dmussettinic4@fotki.com,Male,97.112.189.234
438,Normy,Duckit,nduckitc5@goo.ne.jp,Male,61.175.218.56
439,Efren,Andrzejczak,eandrzejczakc6@utexas.edu,Male,209.3.119.200
440,Audre,Comazzo,acomazzoc7@de.vu,Female,51.231.22.107
441,Lissie,Bowle,lbowlec8@ebay.com,Female,54.245.16.226
442,Prince,Shawcross,pshawcrossc9@freewebs.com,Male,95.96.3.228
443,Packston,Bechley,pbechleyca@google.ca,Male,56.210.244.49
444,Tatiania,Niles,tnilescb@bloglovin.com,Female,172.17.101.180
445,Fritz,Cristoforetti,fcristoforetticc@ehow.com,Male,86.117.96.60
446,Gipsy,Hoonahan,ghoonahancd@goodreads.com,Female,41.56.180.218
447,Quinton,Aldridge,qaldridgece@ucoz.com,Male,61.82.8.215
448,Dougie,Schaffler,dschafflercf@w3.org,Male,154.255.206.230
449,Jacqui,Scotney,jscotneycg@e-recht24.de,Female,224.123.209.117
450,Priscella,Habershaw,phabershawch@addthis.com,Polygender,254.186.247.243
451,Cull,Parlor,cparlorci@nytimes.com,Male,27.155.216.53
452,Clarence,Mustchin,cmustchincj@usa.gov,Male,69.167.1.76
453,Jessee,Oels,joelsck@paypal.com,Male,53.251.38.193
454,Benoit,Schober,bschobercl@hibu.com,Male,112.22.240.229
455,Chad,Swinley,cswinleycm@epa.gov,Male,232.69.127.97
456,Byrann,Brett,bbrettcn@jugem.jp,Male,77.67.209.43
457,Amandie,Basketfield,abasketfieldco@weibo.com,Female,12.11.243.82
458,Hartwell,Higbin,hhigbincp@ameblo.jp,Male,201.210.243.240
459,Ekaterina,Ruppert,eruppertcq@histats.com,Female,197.228.117.19
460,Pooh,Eaves,peavescr@ezinearticles.com,Male,67.44.91.89
461,Harlie,Zeplin,hzeplincs@parallels.com,Female,11.32.110.205
462,Clyve,McCaskill,cmccaskillct@nifty.com,Bigender,238.208.69.74
463,Rafaela,Caillou,rcailloucu@php.net,Female,66.3.155.230
464,Abagael,Jarlmann,ajarlmanncv@clickbank.net,Female,40.132.150.243
465,Devin,Gleave,dgleavecw@qq.com,Female,108.128.203.115
466,Tana,Lithgow,tlithgowcx@thetimes.co.uk,Non-binary,209.10.33.220
467,Eduardo,Kebbell,ekebbellcy@g.co,Male,238.222.157.220
468,Giulio,Bennington,gbenningtoncz@ocn.ne.jp,Male,117.89.173.70
469,Willard,Finicj,wfinicjd0@slate.com,Male,106.94.189.156
470,Johann,Rae,jraed1@nbcnews.com,Male,208.206.105.95
471,Whitney,Petersen,wpetersend2@amazon.co.jp,Male,11.97.24.213
472,Noby,Iskov,niskovd3@cocolog-nifty.com,Genderqueer,169.210.91.59
473,Gerome,Casseldine,gcasseldined4@si.edu,Male,160.150.145.95
474,Elvira,MacGray,emacgrayd5@nifty.com,Female,47.149.18.147
475,Hyacinthe,Coppledike,hcopplediked6@telegraph.co.uk,Polygender,236.161.47.178
476,Tabina,Philp,tphilpd7@bbc.co.uk,Female,115.43.127.194
477,Butch,Gierok,bgierokd8@scribd.com,Male,155.174.111.179
478,Marya,Hakonsen,mhakonsend9@msu.edu,Female,157.16.52.10
479,Isidora,Neward,inewardda@nytimes.com,Female,123.63.79.44
480,Jasmin,Cossell,jcosselldb@privacy.gov.au,Female,5.218.24.137
481,Charita,Cotgrove,ccotgrovedc@yelp.com,Female,233.77.140.19
482,Steffane,Frotton,sfrottondd@yahoo.co.jp,Female,255.245.128.43
483,Scarlett,Wadge,swadgede@linkedin.com,Female,139.40.123.153
484,Nikos,Haddick,nhaddickdf@zimbio.com,Male,69.7.106.37
485,Rey,Reynold,rreynolddg@google.ru,Non-binary,104.13.190.184
486,Bertie,Wolffers,bwolffersdh@google.fr,Male,232.208.243.38
487,Raimundo,Bakey,rbakeydi@surveymonkey.com,Male,95.32.122.112
488,Romonda,Baron,rbarondj@theatlantic.com,Non-binary,140.183.130.4
489,Colby,Baake,cbaakedk@mapquest.com,Male,3.253.20.100
490,Joanna,Grandison,jgrandisondl@psu.edu,Female,254.64.150.239
491,Gustav,McPeake,gmcpeakedm@nature.com,Male,108.210.226.98
492,Sherwood,Matej,smatejdn@chronoengine.com,Male,230.165.74.149
493,Osborn,Spong,ospongdo@ihg.com,Male,217.25.219.155
494,Ingar,Jennens,ijennensdp@bloglovin.com,Male,173.234.75.61
495,Darlene,Eddie,deddiedq@state.tx.us,Polygender,35.21.2.232
496,Morgana,Mongin,mmongindr@trellian.com,Female,206.156.151.129
497,Dave,Di Nisco,ddiniscods@wikipedia.org,Male,22.221.251.121
498,Reginauld,Lucas,rlucasdt@diigo.com,Male,97.81.194.2
499,Priscilla,Wison,pwisondu@devhub.com,Female,25.40.6.118
500,Adiana,Capener,acapenerdv@cornell.edu,Female,19.229.206.46
501,Darius,Sherme,dshermedw@mac.com,Male,193.4.164.86
502,Sheilah,McGaffey,smcgaffeydx@buzzfeed.com,Female,13.154.143.210
503,Chery,Nisard,cnisarddy@miitbeian.gov.cn,Female,15.22.63.147
504,Hercule,de Copeman,hdecopemandz@si.edu,Male,200.113.67.103
505,Hercule,Tschursch,htschursche0@blogs.com,Genderqueer,100.64.143.13
506,Cullen,Martynka,cmartynkae1@who.int,Male,115.86.29.57
507,Erna,Doding,edodinge2@barnesandnoble.com,Female,103.82.159.235
508,Shep,Aubin,saubine3@nydailynews.com,Male,14.222.235.49
509,Arnold,Curmi,acurmie4@pbs.org,Male,115.124.157.223
510,Mathias,Durrans,mdurranse5@yandex.ru,Male,203.210.162.104
511,Karlens,O'Lunney,kolunneye6@alexa.com,Male,202.168.185.207
512,Gusta,Sowerbutts,gsowerbuttse7@tumblr.com,Non-binary,83.175.126.48
513,Georgianne,Regan,gregane8@rediff.com,Female,145.117.20.151
514,Britt,Manchett,bmanchette9@gnu.org,Female,210.102.96.195
515,Joelly,Penritt,jpenrittea@newyorker.com,Female,100.97.176.89
516,Julian,Probert,jproberteb@newsvine.com,Genderfluid,145.245.162.223
517,Winne,de Merida,wdemeridaec@nifty.com,Female,61.239.6.173
518,Marnia,Jiru,mjirued@admin.ch,Female,208.143.106.247
519,Onfre,Longmaid,olongmaidee@elpais.com,Male,226.208.5.138
520,Kerwinn,Freezor,kfreezoref@yahoo.com,Male,190.138.133.149
521,Felicity,Du Fray,fdufrayeg@ft.com,Female,33.10.130.58
522,Barth,Krysztofowicz,bkrysztofowiczeh@nasa.gov,Male,156.149.110.85
523,Gerrie,Franklyn,gfranklynei@shop-pro.jp,Female,220.237.161.18
524,Emerson,Iorns,eiornsej@msu.edu,Male,24.148.243.129
525,Gerry,Sarginson,gsarginsonek@sphinn.com,Male,91.120.153.61
526,Liliane,Wittke,lwittkeel@salon.com,Female,177.80.98.53
527,Filberto,Criag,fcriagem@qq.com,Male,199.176.213.101
528,Chad,Delany,cdelanyen@imageshack.us,Male,144.221.203.15
529,Elita,Buckney,ebuckneyeo@flickr.com,Female,84.21.143.43
530,Kimmy,Nertney,knertneyep@about.me,Female,182.119.124.147
531,Clemente,Thormwell,cthormwelleq@typepad.com,Male,161.141.119.146
532,Neille,Mapples,nmappleser@unicef.org,Female,244.227.243.172
533,Sandy,Orrill,sorrilles@springer.com,Male,160.124.26.235
534,Deidre,Snoxill,dsnoxillet@sbwire.com,Female,49.160.31.37
535,Marylee,Tuffield,mtuffieldeu@goo.ne.jp,Female,158.111.233.198
536,Olivette,Mityukov,omityukovev@live.com,Female,28.22.51.182
537,Donielle,Jorcke,djorckeew@people.com.cn,Female,189.216.188.203
538,Nadiya,Ewing,newingex@bbb.org,Female,225.22.170.70
539,Ricky,Ockland,rocklandey@scribd.com,Female,133.6.173.49
540,Yves,Klaves,yklavesez@europa.eu,Male,249.249.161.102
541,Paddie,Gindghill,pgindghillf0@senate.gov,Male,247.230.51.246
542,Lindsay,Antusch,lantuschf1@hp.com,Female,98.205.11.183
543,Bordy,Fontes,bfontesf2@qq.com,Male,214.33.125.118
544,Adeline,Dyet,adyetf3@columbia.edu,Female,169.148.66.56
545,Blondelle,Jozefiak,bjozefiakf4@princeton.edu,Female,141.56.255.134
546,Emalia,Feldon,efeldonf5@cloudflare.com,Female,52.33.46.128
547,Kristofor,Summerfield,ksummerfieldf6@imgur.com,Male,252.232.52.109
548,Clive,Storms,cstormsf7@nifty.com,Male,128.93.90.85
549,Madonna,Clampton,mclamptonf8@sogou.com,Female,87.50.164.152
550,Ruby,Towns,rtownsf9@booking.com,Male,26.14.62.223
551,Ugo,Borrowman,uborrowmanfa@miitbeian.gov.cn,Male,49.240.3.234
552,Gwenette,Scamal,gscamalfb@hao123.com,Female,159.115.122.123
553,Terese,Baudone,tbaudonefc@msn.com,Female,121.146.220.251
554,Frederique,Stapforth,fstapforthfd@devhub.com,Female,183.6.188.92
555,Marcellina,Eastbury,meastburyfe@nhs.uk,Female,155.104.164.200
556,Nicolas,Jehaes,njehaesff@mysql.com,Male,157.79.71.26
557,Eveline,Baistow,ebaistowfg@so-net.ne.jp,Female,170.210.51.4
558,Kristina,Pycock,kpycockfh@over-blog.com,Female,200.250.157.13
559,Cornie,McDavid,cmcdavidfi@google.cn,Male,79.98.105.155
560,Derron,Bussel,dbusselfj@dot.gov,Genderqueer,147.102.158.173
561,Nalani,Marler,nmarlerfk@slideshare.net,Female,179.96.108.209
562,Rogerio,Mewton,rmewtonfl@topsy.com,Male,168.195.167.172
563,Tedda,Mitchenson,tmitchensonfm@yolasite.com,Polygender,87.105.195.189
564,Wolfy,Duckers,wduckersfn@usatoday.com,Genderqueer,166.111.109.16
565,Devonne,Piotrowski,dpiotrowskifo@booking.com,Female,106.34.250.68
566,Alonzo,Boulger,aboulgerfp@cloudflare.com,Male,221.233.211.124
567,Umberto,Bettenay,ubettenayfq@umich.edu,Male,171.205.232.33
568,Tibold,Wybrew,twybrewfr@reddit.com,Male,161.56.58.169
569,Bev,Attryde,battrydefs@nps.gov,Male,132.85.181.173
570,Onofredo,Halleybone,ohalleyboneft@prweb.com,Agender,215.106.93.248
571,Norry,Shemwell,nshemwellfu@youtu.be,Female,137.98.44.28
572,Pace,Schust,pschustfv@ihg.com,Male,86.164.18.125
573,Immanuel,Danton,idantonfw@seesaa.net,Male,155.122.66.154
574,Krisha,Carabet,kcarabetfx@arizona.edu,Male,145.38.18.97
575,Betteann,Edgerley,bedgerleyfy@com.com,Female,236.5.151.225
576,Jourdain,Chsteney,jchsteneyfz@samsung.com,Male,194.160.101.23
577,Carver,Mabbot,cmabbotg0@furl.net,Male,64.51.183.53
578,Ruthe,Dhenin,rdhening1@prnewswire.com,Female,194.128.4.216
579,Sutton,Spurnier,sspurnierg2@huffingtonpost.com,Male,153.34.31.95
580,Marcus,Pochin,mpoching3@ebay.co.uk,Male,66.119.74.71
581,Lucita,Josefs,ljosefsg4@who.int,Female,103.160.162.218
582,Haskell,Skeech,hskeechg5@amazon.com,Male,16.68.229.30
583,Siobhan,Willcock,swillcockg6@tuttocitta.it,Female,148.7.132.185
584,Serge,Itzhaki,sitzhakig7@t.co,Male,81.115.253.66
585,Whittaker,Throssell,wthrossellg8@icio.us,Male,98.84.84.8
586,Wilhelmine,Paige,wpaigeg9@t-online.de,Polygender,190.11.54.245
587,Mill,Wyllis,mwyllisga@deliciousdays.com,Male,86.44.31.250
588,Braden,Masselin,bmasselingb@tamu.edu,Male,36.224.140.13
589,Vivyanne,Escofier,vescofiergc@i2i.jp,Genderfluid,230.222.214.144
590,Roderich,Josef,rjosefgd@yandex.ru,Male,64.200.179.197
591,Bent,Pennock,bpennockge@shop-pro.jp,Male,101.209.145.100
592,Romona,Bayne,rbaynegf@reuters.com,Female,4.45.96.24
593,Culver,Shellcross,cshellcrossgg@prweb.com,Male,179.138.53.74
594,Eberto,Fedoronko,efedoronkogh@yahoo.co.jp,Male,197.46.15.105
595,Lanette,Hebard,lhebardgi@apache.org,Female,217.80.58.128
596,Nadeen,Mussetti,nmussettigj@hatena.ne.jp,Female,166.1.48.77
597,Kristyn,Fairburn,kfairburngk@blogs.com,Female,95.71.76.94
598,Wildon,Ferie,wferiegl@amazon.de,Male,246.8.7.136
599,Tommie,Nuttey,tnutteygm@sogou.com,Female,138.125.140.253
600,Quinn,Glanister,qglanistergn@twitter.com,Male,23.81.29.19
601,Ignace,Doogood,idoogoodgo@51.la,Male,133.41.254.97
602,Lucretia,Selliman,lsellimangp@vimeo.com,Female,171.179.44.112
603,Anatole,Harmeston,aharmestongq@harvard.edu,Male,139.166.71.19
604,Rosamond,Schollar,rschollargr@cbslocal.com,Female,113.101.120.139
605,Theo,Tussaine,ttussainegs@blogtalkradio.com,Male,196.77.117.0
606,Grace,Segeswoeth,gsegeswoethgt@scientificamerican.com,Female,182.192.58.117
607,Vin,Berns,vbernsgu@pagesperso-orange.fr,Male,102.160.170.109
608,Guillemette,Hambrook,ghambrookgv@yellowbook.com,Female,249.187.141.224
609,Katerina,Perrelle,kperrellegw@smugmug.com,Non-binary,100.238.176.125
610,Gerrilee,Mileham,gmilehamgx@abc.net.au,Female,240.106.48.243
611,Lenard,Scardifeild,lscardifeildgy@washington.edu,Male,223.240.204.236
612,Tammy,Skitteral,tskitteralgz@globo.com,Female,98.213.52.231
613,Blane,Danihel,bdanihelh0@wikia.com,Male,174.98.95.51
614,Grantham,Opdenort,gopdenorth1@skype.com,Male,207.53.224.235
615,Weylin,Grouvel,wgrouvelh2@google.fr,Male,228.250.224.145
616,Josh,Abramow,jabramowh3@berkeley.edu,Male,108.135.97.102
617,Adrian,Fowlie,afowlieh4@yellowpages.com,Female,104.190.139.142
618,Valdemar,Hurtado,vhurtadoh5@sina.com.cn,Male,127.133.52.3
619,Franzen,Echallie,fechallieh6@cbc.ca,Male,64.142.158.174
620,Ardelis,Stevings,astevingsh7@instagram.com,Female,241.239.137.207
621,Ginny,Eisold,geisoldh8@list-manage.com,Female,63.22.154.193
622,Byran,Lunn,blunnh9@aol.com,Male,121.123.186.112
623,Janessa,Butterick,jbutterickha@yelp.com,Female,130.45.45.150
624,Clare,Giorgielli,cgiorgiellihb@digg.com,Female,6.138.36.101
625,Ellene,Floyed,efloyedhc@php.net,Female,0.179.190.96
626,Linnie,Agent,lagenthd@issuu.com,Female,81.67.171.115
627,Baxie,Taber,btaberhe@dagondesign.com,Male,107.53.138.144
628,Sandor,Fowles,sfowleshf@princeton.edu,Male,182.79.160.127
629,Tawnya,Petchey,tpetcheyhg@sina.com.cn,Female,220.96.103.147
630,Garey,Titcom,gtitcomhh@furl.net,Male,160.67.43.183
631,Annabel,Pococke,apocockehi@walmart.com,Female,27.214.158.208
632,Dorie,Moles,dmoleshj@hp.com,Male,146.249.75.251
633,Skylar,Millhill,smillhillhk@amazonaws.com,Male,106.158.229.154
634,Corinne,Tunkin,ctunkinhl@amazon.com,Female,2.172.217.93
635,Salomon,Bilbrooke,sbilbrookehm@youtu.be,Male,244.125.238.207
636,Ogdon,Pietrasik,opietrasikhn@merriam-webster.com,Male,175.182.164.237
637,Aarika,Archibold,aarchiboldho@taobao.com,Female,80.176.120.23
638,Edd,La Torre,elatorrehp@constantcontact.com,Male,180.20.78.137
639,York,A'Barrow,yabarrowhq@theguardian.com,Male,86.248.231.137
640,Hyman,Rawsthorne,hrawsthornehr@ehow.com,Male,48.225.5.103
641,Blaine,Jurisch,bjurischhs@live.com,Genderqueer,15.110.12.75
642,Dollie,Kennifeck,dkennifeckht@upenn.edu,Female,202.83.120.245
643,Barny,Hendrix,bhendrixhu@state.gov,Male,161.33.227.184
644,Hanan,Davydoch,hdavydochhv@discuz.net,Male,98.85.98.150
645,Concettina,Barrie,cbarriehw@storify.com,Female,143.249.108.124
646,Elberta,Seabrocke,eseabrockehx@ebay.co.uk,Female,101.179.187.189
647,Sheri,Assiter,sassiterhy@princeton.edu,Non-binary,216.120.187.0
648,Prescott,Biaggi,pbiaggihz@smugmug.com,Male,82.33.60.157
649,Avigdor,Crawley,acrawleyi0@jiathis.com,Male,124.26.127.67
650,Timmy,Courtney,tcourtneyi1@imdb.com,Female,72.126.155.112
651,Jobina,Deddum,jdeddumi2@histats.com,Female,66.81.27.236
652,Caldwell,Crofts,ccroftsi3@free.fr,Male,245.19.78.45
653,Loretta,Halden,lhaldeni4@google.ca,Female,54.109.174.17
654,Gearard,Aggio,gaggioi5@wunderground.com,Male,127.133.209.26
655,Gian,Ferbrache,gferbrachei6@liveinternet.ru,Male,114.240.108.182
656,Yancey,Higbin,yhigbini7@php.net,Male,233.191.152.254
657,Ripley,Vineall,rvinealli8@bigcartel.com,Male,110.67.6.127
658,Letty,McKellar,lmckellari9@geocities.com,Female,4.26.108.102
659,Pepi,Howson,phowsonia@alexa.com,Female,4.192.27.185
660,Kenneth,Kelwaybamber,kkelwaybamberib@pen.io,Male,71.213.122.192
661,Joey,Holsall,jholsallic@fc2.com,Female,253.114.176.49
662,Ebba,Kingsnode,ekingsnodeid@nytimes.com,Female,139.25.70.126
663,Reena,Kryszka,rkryszkaie@state.tx.us,Female,121.67.30.180
664,Arlen,Pinnegar,apinnegarif@gmpg.org,Male,214.41.7.238
665,Annelise,Anglim,aanglimig@gravatar.com,Female,142.163.182.189
666,Alaric,Ashlee,aashleeih@nifty.com,Male,127.46.210.5
667,Errick,Widmoor,ewidmoorii@clickbank.net,Male,51.202.11.111
668,Rusty,Spyvye,rspyvyeij@ftc.gov,Male,189.160.29.118
669,Dante,Petters,dpettersik@engadget.com,Non-binary,70.91.140.231
670,Auberon,Silbersak,asilbersakil@yandex.ru,Male,244.62.242.85
671,Jonah,Janu,jjanuim@prnewswire.com,Male,145.254.218.60
672,Page,Trenbey,ptrenbeyin@nih.gov,Male,210.246.146.112
673,Kalli,Spittall,kspittallio@eepurl.com,Genderfluid,165.152.244.140
674,Lazaro,McPhee,lmcpheeip@arstechnica.com,Male,251.156.77.130
675,Normy,Verna,nvernaiq@businessinsider.com,Male,43.204.236.139
676,Harold,Dearing,hdearingir@trellian.com,Male,73.36.95.60
677,Guenna,Mish,gmishis@comsenz.com,Female,248.141.42.177
678,Costa,Phipard-Shears,cphipardshearsit@lycos.com,Male,59.153.106.129
679,Emanuele,Baitson,ebaitsoniu@t-online.de,Male,119.54.197.76
680,Bryan,Normansell,bnormanselliv@diigo.com,Male,164.233.177.113
681,Bradney,Klimsch,bklimschiw@tumblr.com,Male,229.156.22.2
682,Irma,Hanham,ihanhamix@mit.edu,Female,229.25.139.179
683,Rianon,Griffoen,rgriffoeniy@yandex.ru,Female,224.28.220.6
684,Rhoda,Andover,randoveriz@quantcast.com,Female,114.96.127.120
685,Betteann,Lope,blopej0@smugmug.com,Female,126.45.147.194
686,Natal,Parzizek,nparzizekj1@paginegialle.it,Male,100.103.41.174
687,Haydon,Smitton,hsmittonj2@oracle.com,Male,235.133.41.201
688,Buddie,Bremmell,bbremmellj3@wiley.com,Male,169.144.146.119
689,Wayland,Bernakiewicz,wbernakiewiczj4@youku.com,Male,183.125.70.10
690,Salvatore,Wildsmith,swildsmithj5@wisc.edu,Male,230.123.129.153
691,Kassi,Rostron,krostronj6@ftc.gov,Female,3.67.225.145
692,Alane,Heather,aheatherj7@slate.com,Female,249.62.102.181
693,Kaja,Khristoforov,kkhristoforovj8@utexas.edu,Female,54.139.51.233
694,Tammy,Listone,tlistonej9@mit.edu,Female,48.143.34.95
695,Davy,Chattoe,dchattoeja@china.com.cn,Male,255.83.74.203
696,Hunfredo,Tobias,htobiasjb@scientificamerican.com,Male,48.168.13.169
697,Patrizio,Allston,pallstonjc@hostgator.com,Male,68.254.193.169
698,Russell,Faustin,rfaustinjd@odnoklassniki.ru,Male,10.29.142.96
699,Lucille,Jupe,ljupeje@flavors.me,Female,173.97.112.100
700,Averill,Brabon,abrabonjf@arstechnica.com,Male,39.45.104.113
701,Olivero,Beecraft,obeecraftjg@cam.ac.uk,Genderfluid,205.15.71.244
702,Martie,Innott,minnottjh@huffingtonpost.com,Female,114.210.88.205
703,Averyl,Shynn,ashynnji@jiathis.com,Polygender,35.155.78.27
704,Cleopatra,Danniel,cdannieljj@zdnet.com,Female,203.29.175.240
705,Scot,Dackombe,sdackombejk@scientificamerican.com,Male,162.119.148.5
706,Ruy,Shippam,rshippamjl@goodreads.com,Agender,15.40.146.102
707,Mikael,Grinyov,mgrinyovjm@tuttocitta.it,Male,183.28.124.130
708,Dario,Eeles,deelesjn@goodreads.com,Male,64.99.18.155
709,Stuart,Pavlishchev,spavlishchevjo@ow.ly,Male,109.58.176.11
710,Kiel,Marguerite,kmargueritejp@google.com.au,Male,173.218.204.199
711,Saunders,Barrell,sbarrelljq@nifty.com,Male,28.219.232.40
712,Antonia,Settle,asettlejr@businessinsider.com,Female,146.179.225.42
713,Ertha,Scupham,escuphamjs@furl.net,Female,253.226.69.201
714,Windham,Linscott,wlinscottjt@mayoclinic.com,Male,193.60.63.117
715,Kendre,Boag,kboagju@wunderground.com,Female,6.79.185.125
716,Errol,Costy,ecostyjv@theatlantic.com,Male,207.218.12.16
717,Bernardina,Caveill,bcaveilljw@howstuffworks.com,Female,246.45.24.53
718,Marget,Rymour,mrymourjx@bbb.org,Female,7.2.73.178
719,Noah,Abethell,nabethelljy@stanford.edu,Male,18.72.197.116
720,Patricio,Lorenzetto,plorenzettojz@studiopress.com,Male,151.104.158.55
721,Urban,Lawn,ulawnk0@homestead.com,Male,194.94.102.164
722,Elvera,Seeley,eseeleyk1@chicagotribune.com,Female,5.192.247.195
723,Kattie,Tibols,ktibolsk2@unblog.fr,Genderfluid,254.151.42.108
724,Omero,Arrowsmith,oarrowsmithk3@shop-pro.jp,Male,114.242.228.195
725,Georg,Sebert,gsebertk4@paginegialle.it,Male,155.31.146.58
726,Lindsey,Labes,llabesk5@washingtonpost.com,Female,117.198.218.89
727,Bronny,Challicombe,bchallicombek6@blogtalkradio.com,Male,242.33.148.1
728,Emelda,Barbary,ebarbaryk7@soundcloud.com,Female,136.113.220.111
729,Celle,Bloomer,cbloomerk8@4shared.com,Female,31.194.93.209
730,Cedric,Widd,cwiddk9@google.com.br,Male,60.208.151.68
731,Salome,Cherry,scherryka@barnesandnoble.com,Female,66.23.76.91
732,Lenard,Zorzetti,lzorzettikb@census.gov,Male,54.3.206.33
733,Kipp,Lingfoot,klingfootkc@fastcompany.com,Female,97.224.3.182
734,Ermin,Shoulder,eshoulderkd@thetimes.co.uk,Male,21.242.244.150
735,Earl,Somerville,esomervilleke@walmart.com,Male,222.37.243.70
736,Harri,Jory,hjorykf@delicious.com,Female,167.159.219.133
737,Tonye,Wyatt,twyattkg@blogtalkradio.com,Female,108.160.19.48
738,Creigh,Polin,cpolinkh@cdc.gov,Male,85.39.208.249
739,Fleurette,Oxley,foxleyki@state.gov,Female,106.43.104.54
740,Sissy,Lazare,slazarekj@miibeian.gov.cn,Female,72.239.177.229
741,Halette,Teal,htealkk@wsj.com,Female,158.156.121.237
742,Marwin,Joyce,mjoycekl@google.com,Bigender,88.115.253.204
743,Eachelle,Rofe,erofekm@list-manage.com,Female,1.69.195.190
744,Clyde,D'Orsay,cdorsaykn@dagondesign.com,Male,204.166.203.50
745,Ava,Maddrell,amaddrellko@state.tx.us,Female,181.54.30.82
746,Bernardina,Orbine,borbinekp@marketwatch.com,Female,231.109.192.140
747,Lena,Brittan,lbrittankq@paypal.com,Female,33.209.117.55
748,Olympe,Smeath,osmeathkr@baidu.com,Female,123.254.3.129
749,Amelia,Logesdale,alogesdaleks@1688.com,Female,100.210.15.112
750,Ray,Avo,ravokt@nyu.edu,Female,70.144.210.93
751,Thorn,Hackworthy,thackworthyku@mit.edu,Male,77.64.19.168
752,Naomi,Flohard,nflohardkv@hexun.com,Female,32.41.217.111
753,Grannie,Chew,gchewkw@narod.ru,Male,142.142.12.22
754,Aurore,Veazey,aveazeykx@google.es,Female,60.80.152.70
755,Nataniel,Simkiss,nsimkissky@huffingtonpost.com,Male,118.184.151.246
756,Rey,Besnardeau,rbesnardeaukz@ihg.com,Female,78.160.55.71
757,Dani,Paddick,dpaddickl0@exblog.jp,Male,79.42.73.44
758,Gracia,Trinke,gtrinkel1@psu.edu,Female,227.96.104.207
759,Tiffie,Koppen,tkoppenl2@bluehost.com,Polygender,7.69.219.166
760,Marika,Medford,mmedfordl3@businessweek.com,Female,160.193.116.113
761,Emlyn,Grishaev,egrishaevl4@topsy.com,Female,241.194.233.144
762,Cecil,Victoria,cvictorial5@blogs.com,Male,220.99.87.121
763,Axel,Twiddle,atwiddlel6@paginegialle.it,Male,135.237.191.208
764,Harold,Osgardby,hosgardbyl7@mediafire.com,Male,83.142.233.235
765,Ermina,Trout,etroutl8@engadget.com,Female,150.100.109.58
766,Rudiger,Purvis,rpurvisl9@exblog.jp,Male,106.180.247.206
767,Blanca,Brockie,bbrockiela@behance.net,Female,206.211.64.55
768,Odie,Towne,otownelb@over-blog.com,Male,32.42.46.110
769,Cyndia,Dorkin,cdorkinlc@berkeley.edu,Female,188.54.79.184
770,Veronike,Siseland,vsiselandld@elpais.com,Polygender,23.53.45.54
771,Sawyere,Loudian,sloudianle@cocolog-nifty.com,Male,117.215.205.24
772,Barnabe,Brick,bbricklf@free.fr,Male,58.185.223.200
773,Goldie,Maylour,gmaylourlg@t.co,Bigender,51.98.43.94
774,Darcee,McGibbon,dmcgibbonlh@bbc.co.uk,Bigender,203.92.87.14
775,Marla,Cross,mcrossli@businessinsider.com,Female,112.85.23.112
776,Colene,Meldrum,cmeldrumlj@sfgate.com,Genderqueer,168.237.254.121
777,Wilhelmina,Weson,wwesonlk@engadget.com,Polygender,178.71.45.96
778,Tobi,Gullyes,tgullyesll@dyndns.org,Female,169.234.14.166
779,Hillel,Rhodef,hrhodeflm@howstuffworks.com,Male,156.191.120.236
780,Giffy,Bezzant,gbezzantln@cbc.ca,Male,64.153.1.2
781,Madelaine,Lakeman,mlakemanlo@ucla.edu,Genderfluid,170.239.172.104
782,Evie,Guilloux,eguillouxlp@4shared.com,Female,213.190.172.138
783,Randa,MacKenzie,rmackenzielq@tamu.edu,Female,174.166.89.194
784,Shurwood,Chaperling,schaperlinglr@ustream.tv,Male,153.80.19.234
785,Douglass,Febre,dfebrels@salon.com,Male,96.240.183.118
786,Mendel,Nornable,mnornablelt@sohu.com,Male,186.200.231.222
787,Gilles,Soall,gsoalllu@usnews.com,Male,89.236.53.237
788,Richy,Haslehurst,rhaslehurstlv@tinypic.com,Male,143.199.74.160
789,Lianna,Callan,lcallanlw@marriott.com,Female,239.9.200.83
790,Nita,Haddington,nhaddingtonlx@springer.com,Female,138.184.160.203
791,Trude,Levay,tlevayly@storify.com,Female,186.138.212.63
792,Andres,Gettone,agettonelz@epa.gov,Male,117.48.6.214
793,Amye,Schaffler,aschafflerm0@chronoengine.com,Female,112.106.81.105
794,Ketti,Kalkhoven,kkalkhovenm1@globo.com,Female,106.17.46.112
795,Tally,Postlewhite,tpostlewhitem2@apple.com,Male,9.188.117.148
796,Elnore,Smeeth,esmeethm3@amazon.com,Female,154.47.216.44
797,Cirstoforo,Slegg,csleggm4@ycombinator.com,Male,218.226.77.75
798,Whitby,Lowings,wlowingsm5@goo.gl,Male,11.169.169.174
799,Orazio,Joselson,ojoselsonm6@ovh.net,Male,189.137.49.62
800,Rayna,Echallie,rechalliem7@woothemes.com,Female,14.36.74.238
801,Giacomo,Ascrofte,gascroftem8@skype.com,Male,94.40.9.160
802,Palmer,Janjusevic,pjanjusevicm9@vk.com,Male,41.86.18.16
803,Kerwin,Ellingworth,kellingworthma@state.tx.us,Male,62.61.216.22
804,Peter,Gusticke,pgustickemb@macromedia.com,Male,175.208.250.250
805,Berton,Huckster,bhuckstermc@altervista.org,Male,87.244.80.235
806,Konstanze,Glencorse,kglencorsemd@google.co.uk,Female,37.81.27.47
807,Stillmann,Copeland,scopelandme@nymag.com,Male,127.18.86.163
808,Flint,Durbyn,fdurbynmf@merriam-webster.com,Male,133.32.148.87
809,Cirstoforo,Howorth,choworthmg@imdb.com,Male,247.179.183.1
810,Megan,Wickenden,mwickendenmh@rediff.com,Female,87.152.72.41
811,Nickolas,Sainsberry,nsainsberrymi@goo.ne.jp,Male,55.236.126.146
812,Alair,Kidstone,akidstonemj@ow.ly,Male,127.176.93.126
813,Addia,Gosling,agoslingmk@123-reg.co.uk,Female,174.240.252.217
814,Kristen,Sorsby,ksorsbyml@uol.com.br,Female,40.17.45.99
815,Ingelbert,Grestye,igrestyemm@aol.com,Male,164.213.204.89
816,Justin,Deuss,jdeussmn@mozilla.org,Male,53.96.16.173
817,Sloane,Bloggett,sbloggettmo@hud.gov,Male,51.185.104.64
818,Roger,Snalham,rsnalhammp@netvibes.com,Male,53.37.121.42
819,Katharina,Bacher,kbachermq@imageshack.us,Female,226.250.176.210
820,Edi,Ranald,eranaldmr@examiner.com,Female,88.62.225.83
821,Aile,Ringwood,aringwoodms@nature.com,Female,179.11.223.71
822,Francesca,Harkins,fharkinsmt@thetimes.co.uk,Genderqueer,136.193.121.195
823,Rutledge,Kindread,rkindreadmu@drupal.org,Polygender,73.19.195.173
824,Nikolos,Hearley,nhearleymv@tiny.cc,Male,79.179.59.116
825,Putnam,Shorten,pshortenmw@google.es,Male,148.236.247.218
826,Sheffield,Shevill,sshevillmx@nytimes.com,Male,1.103.200.63
827,Mariette,Atte-Stone,mattestonemy@redcross.org,Female,166.167.82.47
828,Bessie,Luc,blucmz@army.mil,Female,199.185.22.143
829,Norton,Aumerle,naumerlen0@xinhuanet.com,Male,68.32.24.39
830,Law,Towhey,ltowheyn1@scribd.com,Male,151.154.157.66
831,Minta,Levy,mlevyn2@scribd.com,Female,109.199.14.98
832,Horace,Bucknall,hbucknalln3@github.com,Male,111.255.184.147
833,Wendall,MacAdam,wmacadamn4@nps.gov,Male,43.160.31.237
834,Kynthia,Josland,kjoslandn5@devhub.com,Female,165.135.152.34
835,Bonni,Eddowis,beddowisn6@miibeian.gov.cn,Female,171.152.121.195
836,Clevie,Bazley,cbazleyn7@boston.com,Male,2.30.127.6
837,Vidovik,Dobbings,vdobbingsn8@amazon.co.uk,Male,148.88.234.227
838,Fielding,Urridge,furridgen9@ucsd.edu,Genderfluid,239.1.64.14
839,Nonie,Doring,ndoringna@arstechnica.com,Female,163.30.158.35
840,Lorant,Duchesne,lduchesnenb@feedburner.com,Male,168.168.194.193
841,Conway,Gauthorpp,cgauthorppnc@webnode.com,Male,192.21.55.120
842,Julianna,Paladini,jpaladinind@biglobe.ne.jp,Female,90.71.189.139
843,Adeline,Cheyenne,acheyennene@businessinsider.com,Female,147.34.207.39
844,Karlen,Syratt,ksyrattnf@drupal.org,Female,237.170.230.199
845,Darb,Horsewood,dhorsewoodng@bloglines.com,Male,78.72.94.176
846,Melinda,Satterfitt,msatterfittnh@dedecms.com,Female,145.27.244.233
847,Brewster,Tattershaw,btattershawni@blogger.com,Male,183.162.109.203
848,Hogan,Corcoran,hcorcorannj@howstuffworks.com,Male,250.48.208.171
849,Torr,Pidgen,tpidgennk@domainmarket.com,Male,90.132.72.33
850,Julienne,Maggs,jmaggsnl@t-online.de,Female,187.53.192.196
851,Dilan,Barts,dbartsnm@hibu.com,Male,121.109.80.128
852,Misti,Kilmurray,mkilmurraynn@spiegel.de,Female,78.39.100.152
853,Roda,Eiler,reilerno@odnoklassniki.ru,Female,148.101.34.18
854,Kearney,Faye,kfayenp@yandex.ru,Male,64.115.205.118
855,Duke,Raynes,draynesnq@wired.com,Male,198.14.231.109
856,Husein,Danielian,hdanieliannr@huffingtonpost.com,Male,139.109.250.130
857,Mirabelle,Blount,mblountns@163.com,Female,168.51.57.77
858,Haily,Mildner,hmildnernt@friendfeed.com,Female,86.181.80.182
859,Lyman,Steere,lsteerenu@mediafire.com,Male,220.180.173.244
860,Klement,Fassman,kfassmannv@reference.com,Male,48.74.60.252
861,Yovonnda,Sheer,ysheernw@wufoo.com,Female,128.75.219.127
862,Giorgia,Darrington,gdarringtonnx@deliciousdays.com,Female,138.5.166.132
863,Friedrick,Brace,fbraceny@addtoany.com,Male,50.130.205.108
864,Madelon,Baudouin,mbaudouinnz@scientificamerican.com,Female,68.191.248.237
865,Chere,Lere,clereo0@smh.com.au,Female,114.136.210.85
866,Torin,Beeby,tbeebyo1@reddit.com,Male,76.118.184.136
867,Lenette,Blamey,lblameyo2@xing.com,Female,48.207.154.30
868,Tanny,Moseley,tmoseleyo3@t.co,Male,235.68.65.254
869,Tori,Raithmill,traithmillo4@feedburner.com,Female,164.139.229.41
870,Dyanne,Rowledge,drowledgeo5@bigcartel.com,Female,7.158.123.114
871,Gweneth,Seabon,gseabono6@theatlantic.com,Female,114.172.208.154
872,Jillayne,Wippermann,jwippermanno7@dailymotion.com,Female,201.0.103.106
873,Harmony,Kull,hkullo8@fda.gov,Female,113.238.116.137
874,Juliana,Facchini,jfacchinio9@nytimes.com,Female,0.102.91.25
875,Yasmeen,Pinch,ypinchoa@smh.com.au,Female,183.47.16.102
876,Tom,Pittock,tpittockob@nationalgeographic.com,Male,118.10.17.13
877,Irita,Estick,iestickoc@icio.us,Female,125.197.206.4
878,Corbie,Peyntue,cpeyntueod@seesaa.net,Male,253.38.133.164
879,Roby,Cinelli,rcinellioe@ning.com,Female,81.0.93.41
880,Filippa,Meadus,fmeadusof@answers.com,Female,88.98.44.205
881,Clayton,Croke,ccrokeog@miibeian.gov.cn,Male,179.18.140.151
882,Gaelan,Molloy,gmolloyoh@engadget.com,Male,81.230.241.232
883,Zed,Matt,zmattoi@wufoo.com,Male,146.31.117.227
884,Zaccaria,Scocroft,zscocroftoj@google.cn,Male,78.238.194.163
885,Samuel,Whitebrook,swhitebrookok@twitpic.com,Male,219.46.112.124
886,Michail,Kohrt,mkohrtol@sciencedaily.com,Male,218.131.103.110
887,Kippie,Ducker,kduckerom@opera.com,Male,90.190.49.4
888,Donaugh,Purselow,dpurselowon@hibu.com,Male,238.205.142.3
889,Isabeau,Linnett,ilinnettoo@addtoany.com,Female,129.211.221.63
890,Brucie,Le Marquis,blemarquisop@cornell.edu,Male,154.66.140.239
891,Mariann,Bingell,mbingelloq@economist.com,Female,65.240.22.131
892,Wandie,Beggio,wbeggioor@bigcartel.com,Female,190.20.119.152
893,Tobin,Muro,tmuroos@vistaprint.com,Male,118.19.1.198
894,Penrod,Espinay,pespinayot@google.pl,Male,169.75.135.236
895,Kalinda,Himpson,khimpsonou@adobe.com,Female,90.185.46.2
896,Tudor,Stollmeier,tstollmeierov@123-reg.co.uk,Male,232.58.142.18
897,Eustacia,Cohrs,ecohrsow@ox.ac.uk,Female,183.69.117.5
898,Dorice,Jankowski,djankowskiox@mtv.com,Female,142.222.180.22
899,Bronson,Spadotto,bspadottooy@blog.com,Male,231.255.225.222
900,Sean,Nettle,snettleoz@free.fr,Female,61.226.225.162
901,Colene,Faherty,cfahertyp0@nytimes.com,Female,153.131.88.199
902,Gus,Drakes,gdrakesp1@163.com,Male,242.246.152.26
903,Anatol,Cortez,acortezp2@weebly.com,Male,11.90.152.175
904,Bink,Borges,bborgesp3@imageshack.us,Male,176.201.5.58
905,Sandi,Edworthye,sedworthyep4@indiegogo.com,Female,208.236.174.89
906,Nat,Preece,npreecep5@eepurl.com,Female,118.151.122.27
907,Cullin,Reede,creedep6@earthlink.net,Genderfluid,161.107.253.7
908,Garrott,Dummer,gdummerp7@unblog.fr,Male,55.164.156.167
909,Konstance,Hagan,khaganp8@ow.ly,Female,213.205.75.209
910,Josiah,Denisyuk,jdenisyukp9@youtube.com,Male,25.85.125.79
911,Anissa,Stedson,astedsonpa@archive.org,Genderfluid,69.11.137.190
912,Ellswerth,Licciardiello,elicciardiellopb@cmu.edu,Male,161.80.37.196
913,Saxe,Rosengren,srosengrenpc@artisteer.com,Male,19.222.128.59
914,Feodora,Kubala,fkubalapd@vk.com,Female,23.159.105.185
915,Gladys,Crump,gcrumppe@goodreads.com,Female,128.254.77.194
916,Bernelle,Ishaki,bishakipf@elpais.com,Female,195.156.104.166
917,Maison,Isles,mislespg@stanford.edu,Male,40.209.116.142
918,Auroora,Mellody,amellodyph@vkontakte.ru,Female,68.65.106.62
919,Arther,Tomczynski,atomczynskipi@google.de,Male,38.237.50.28
920,Shirley,Parris,sparrispj@soundcloud.com,Female,238.98.224.87
921,Matilda,O'Hengerty,mohengertypk@rambler.ru,Female,245.114.169.51
922,Delano,MacGuffie,dmacguffiepl@tiny.cc,Male,30.19.104.87
923,Paquito,Thwaites,pthwaitespm@telegraph.co.uk,Male,88.135.85.100
924,Obidiah,Gilstoun,ogilstounpn@pinterest.com,Genderqueer,103.83.174.201
925,Benita,Brockway,bbrockwaypo@walmart.com,Female,43.246.117.29
926,Nicoli,Phelps,nphelpspp@wordpress.com,Genderfluid,93.16.248.103
927,Meagan,Loch,mlochpq@yolasite.com,Female,14.169.156.170
928,Chastity,Webley,cwebleypr@amazonaws.com,Female,66.133.251.120
929,Cully,Auston,caustonps@shareasale.com,Male,10.231.40.96
930,Ernesto,O'Doghesty,eodoghestypt@pcworld.com,Male,139.84.58.191
931,Christy,Hannaway,channawaypu@ameblo.jp,Female,199.27.161.180
932,Cheston,Hubner,chubnerpv@wordpress.com,Genderfluid,105.255.249.141
933,Peirce,Galier,pgalierpw@paypal.com,Male,52.93.37.218
934,Noll,McGraffin,nmcgraffinpx@clickbank.net,Male,116.206.187.216
935,Percy,Godbald,pgodbaldpy@yellowpages.com,Non-binary,27.34.150.9
936,Dorothea,Dowsing,ddowsingpz@mlb.com,Female,241.188.98.19
937,Candi,Karus,ckarusq0@whitehouse.gov,Female,57.108.84.123
938,Gwendolin,Ranger,grangerq1@uiuc.edu,Female,254.185.65.69
939,Judas,Raye,jrayeq2@deviantart.com,Bigender,74.242.190.189
940,Frederic,Eringey,feringeyq3@howstuffworks.com,Male,25.75.81.225
941,Carla,Tiesman,ctiesmanq4@canalblog.com,Female,130.32.141.95
942,Brodie,Hursey,bhurseyq5@jiathis.com,Male,103.137.16.104
943,Freeland,Northley,fnorthleyq6@google.fr,Male,161.5.175.60
944,Caty,Breen,cbreenq7@skype.com,Female,245.193.221.149
945,Katharina,Forst,kforstq8@newyorker.com,Female,91.130.62.120
946,Lorilee,Posselow,lposselowq9@phoca.cz,Female,231.227.218.247
947,Lenna,Eveling,levelingqa@dropbox.com,Female,76.56.12.250
948,Husain,Aldersey,halderseyqb@qq.com,Male,25.64.206.15
949,Silas,Alvin,salvinqc@163.com,Male,172.120.19.95
950,Manda,Smallpiece,msmallpieceqd@nydailynews.com,Female,28.4.52.146
951,Erastus,Uzelli,euzelliqe@si.edu,Male,243.165.145.81
952,Enrika,Ebsworth,eebsworthqf@smh.com.au,Female,99.141.246.207
953,Paula,Rummin,prumminqg@oakley.com,Agender,108.9.38.145
954,Hannie,Capp,hcappqh@youku.com,Female,171.231.168.59
955,Robinett,Lamport,rlamportqi@chronoengine.com,Female,132.56.255.158
956,Anna,Forten,afortenqj@statcounter.com,Female,222.8.73.104
957,Barnett,Pedrozzi,bpedrozziqk@myspace.com,Male,231.149.154.178
958,Dulcine,Zarfai,dzarfaiql@qq.com,Female,202.15.133.8
959,Eugen,Rosettini,erosettiniqm@pinterest.com,Male,91.9.57.89
960,Beatrice,Gratland,bgratlandqn@etsy.com,Female,233.9.145.246
961,Meghan,Lum,mlumqo@comcast.net,Female,158.235.185.11
962,Graehme,Lening,gleningqp@washingtonpost.com,Male,113.173.107.132
963,Lancelot,Gabler,lgablerqq@clickbank.net,Male,229.93.80.98
964,Jerrie,Vautier,jvautierqr@wisc.edu,Female,58.36.93.193
965,Thom,Dornan,tdornanqs@wordpress.org,Male,158.247.239.144
966,Casar,Bellord,cbellordqt@cyberchimps.com,Male,231.61.1.102
967,Sonnnie,Andree,sandreequ@howstuffworks.com,Genderqueer,111.118.192.119
968,Diane,Garrold,dgarroldqv@prlog.org,Female,80.127.66.52
969,Baron,Dutton,bduttonqw@opensource.org,Male,220.59.187.163
970,Almira,Wilcot,awilcotqx@cnet.com,Female,157.94.39.109
971,Maje,Attyeo,mattyeoqy@seesaa.net,Genderqueer,13.48.91.25
972,Essie,Aleshintsev,ealeshintsevqz@census.gov,Female,45.83.99.76
973,Sawyere,Loos,sloosr0@nba.com,Male,58.143.243.111
974,Jaime,Dallmann,jdallmannr1@rediff.com,Female,252.221.231.138
975,Caterina,Jarrold,cjarroldr2@amazon.co.uk,Genderqueer,85.143.52.181
976,Marja,Redford,mredfordr3@icq.com,Female,236.13.241.240
977,Alf,Gergus,agergusr4@vistaprint.com,Male,145.187.61.159
978,Adolf,Ware,awarer5@shareasale.com,Male,218.241.182.128
979,Carter,Berriman,cberrimanr6@walmart.com,Male,211.45.102.122
980,Federica,Bedborough,fbedboroughr7@washingtonpost.com,Female,92.234.203.251
981,Pauletta,Lehrer,plehrerr8@yolasite.com,Female,11.131.231.111
982,Granny,Swancott,gswancottr9@accuweather.com,Male,52.56.226.44
983,Dolf,Blazdell,dblazdellra@unc.edu,Male,39.212.115.90
984,Jon,Conlaund,jconlaundrb@weebly.com,Male,37.126.56.156
985,Nil,Rasor,nrasorrc@mashable.com,Male,132.140.89.159
986,Mellisa,Cortese,mcorteserd@hao123.com,Female,64.48.79.113
987,Beauregard,Cutts,bcuttsre@wix.com,Male,225.1.136.254
988,Cecil,Endacott,cendacottrf@cocolog-nifty.com,Male,21.193.195.123
989,Wally,Springer,wspringerrg@arstechnica.com,Female,183.26.83.36
990,Roxine,Dotson,rdotsonrh@myspace.com,Female,47.52.209.32
991,Dex,Baistow,dbaistowri@photobucket.com,Male,202.92.253.103
992,Wadsworth,Winton,wwintonrj@exblog.jp,Male,176.210.74.63
993,Carlie,Graeser,cgraeserrk@over-blog.com,Male,28.247.206.140
994,Mycah,Garretts,mgarrettsrl@technorati.com,Male,163.72.16.131
995,Hermia,Ottee,hotteerm@oaic.gov.au,Bigender,82.101.21.38
996,Augie,Alvy,aalvyrn@ifeng.com,Male,33.235.14.75
997,Laura,Merrell,lmerrellro@cbc.ca,Female,198.113.0.254
998,Kissee,Pinnick,kpinnickrp@addthis.com,Female,140.9.246.246
999,Sunny,Mathiassen,smathiassenrq@npr.org,Male,57.186.122.106
1000,Domenic,Driuzzi,ddriuzzirr@deviantart.com,Male,88.222.216.109
